-- Thèmes
INSERT INTO theme (theme_id, theme_name) VALUES
(1, 'Littérature classique'),
(2, 'Science-fiction'),
(3, 'Romance'),
(4, 'Polar'),
(5, 'Histoire'),
(6, 'Philosophie'),
(7, 'Science'),
(8, 'Enfance et jeunesse');

-- Insertion auteurs

INSERT INTO author (author_id, first_name, last_name, birth_year) VALUES
(1, 'Jane', 'Austen', 1775),
(2, 'Victor', 'Hugo', 1802),
(3, 'Umberto', 'Eco', 1932),
(4, 'Isabel', 'Allende', 1942),
(5, 'Daphne', 'du Maurier', 1907),
(6, 'Jules', 'Verne', 1828),
(7, 'Margaret', 'Atwood', 1939),
(8, 'Isaac', 'Asimov', 1920),
(9, 'Liu', 'Cixin', 1963),
(10, 'Philip K.', 'Dick', 1928),
(11, 'Ann', 'Leckie', NULL),
(12, 'Jojo', 'Moyes', 1969),
(13, 'Nicholas', 'Sparks', 1965),
(14, 'Colleen', 'Hoover', 1979),
(15, 'Ken', 'Follett', 1949),
(16, 'Fred', 'Vargas', 1957),
(17, 'Andrea', 'Camilleri', 1925),
(18, 'Camilla', 'Läckberg', 1974),
(19, 'Tana', 'French', 1973),
(20, 'Antony', 'Beevor', 1946),
(21, 'Anne', 'Applebaum', 1964),
(22, 'Albert', 'Camus', 1913),
(23, 'Martha', 'Nussbaum', 1947),
(24, 'Amartya', 'Sen', 1933),
(25, 'Simone', 'Weil', 1909),
(26, 'Stephen', 'Hawking', 1942),
(27, 'Carlo', 'Rovelli', 1956),
(28, 'Jane', 'Goodall', 1934),
(29, 'Hope', 'Jahren', NULL),
(30, 'J.K.', 'Rowling', 1965),
(31, 'Roald', 'Dahl', 1916),
(32, 'Tomi', 'Ungerer', 1931),
(33, 'Astrid', 'Lindgren', 1907),
(34, 'James', 'Joyce', 1882),
(35, 'Ursula K.', 'Le Guin', 1929),
(36, 'H.G.', 'Wells', 1866),
(37, 'René', 'Barjavel', 1911);

-- Insertion livres

INSERT INTO book (book_id, title, author_id, price, stock, publication_year, theme_id) VALUES
(1, 'Orgueil et Préjugés', 1, 15.00, 50, 1813, 1),
(2, 'Emma', 1, 14.00, 40, 1815, 1),
(3, 'Les Misérables', 2, 20.00, 30, 1862, 1),
(4, 'Notre-Dame de Paris', 2, 18.00, 25, 1831, 1),
(5, 'Le Nom de la Rose', 3, 22.00, 20, 1980, 1),
(6, 'Le Pendule de Foucault', 3, 25.00, 15, 1988, 1),
(7, 'La Maison aux esprits', 4, 19.00, 35, 1982, 1),
(8, 'La Demeure des esprits', 4, 20.00, 30, 1993, 1),
(9, 'Paula', 4, 18.50, 22, 1994, 5),
(10, 'Eva Luna', 4, 17.00, 28, 1987, 3),
(11, 'Daughter of Fortune', 4, 21.00, 20, 1999, 3),
(12, 'Rebecca', 5, 16.00, 40, 1938, 1),
(13, 'Jamaica Inn', 5, 17.00, 15, 1936, 1),
(14, 'Vingt mille lieues sous les mers', 6, 19.00, 30, 1870, 1),
(15, 'Le Tour du monde en quatre-vingts jours', 6, 18.00, 25, 1873, 1),
(16, 'La Servante écarlate', 7, 22.00, 20, 1985, 2),
(17, 'Fondation', 8, 21.00, 15, 1951, 2),
(18, 'Les Robots', 8, 19.00, 18, 1950, 2),
(19, 'Le Problème à trois corps', 9, 24.00, 12, 2008, 2),
(20, 'Blade Runner', 10, 23.00, 14, 1968, 2),
(21, 'Le Maître du Haut Château', 10, 22.00, 12, 1962, 2),
(22, 'Ancillary Justice', 11, 25.00, 10, 2013, 2),
(23, 'Avant toi', 12, 16.00, 35, 2012, 3),
(24, 'Me Before You', 12, 16.00, 25, 2012, 3),
(25, 'Les Pages de notre amour', 13, 17.00, 28, 1996, 3),
(26, 'The Lucky One', 13, 18.00, 20, 2008, 3),
(27, 'It Ends with Us', 14, 15.00, 30, 2016, 3),
(28, 'Verity', 14, 17.00, 22, 2018, 3),
(29, 'La Chute des géants', 15, 23.00, 18, 2010, 3),
(30, 'Les Piliers de la Terre', 15, 20.00, 20, 1989, 5),
(31, 'World Without End', 15, 22.00, 15, 2007, 5),
(32, 'Pars vite et reviens tard', 16, 18.00, 25, 2001, 4),
(33, 'Sous les vents de Neptune', 16, 18.00, 20, 2004, 4),
(34, 'L’Homme aux cercles bleus', 16, 17.00, 15, 1991, 4),
(35, 'Debout les morts', 16, 19.00, 18, 1995, 4),
(36, 'Un lieu incertain', 16, 20.00, 12, 2008, 4),
(37, 'Temps glaciaires', 16, 22.00, 15, 2011, 4),
(38, 'Commissaire Montalbano', 17, 16.00, 22, 1994, 4),
(39, 'Le Tailleur de pierre', 17, 18.00, 18, 2008, 4),
(40, 'La Princesse des glaces', 18, 17.00, 20, 2003, 4),
(41, 'Le Prédicateur', 18, 18.00, 17, 2008, 4),
(42, 'Dans le silence', 19, 20.00, 15, 2007, 4),
(43, 'Broken Harbor', 19, 21.00, 13, 2012, 4),
(44, 'La Seconde Guerre mondiale', 20, 25.00, 20, 2012, 5),
(45, 'Stalingrad', 20, 23.00, 15, 1998, 5),
(46, 'Goulag : une histoire', 21, 22.00, 18, 2003, 5),
(47, 'Iron Curtain', 21, 21.00, 15, 2012, 5),
(48, 'Le Mythe de Sisyphe', 22, 16.00, 20, 1942, 6),
(49, 'L’Homme révolté', 22, 18.00, 15, 1951, 6),
(50, 'Émotions politiques', 23, 20.00, 12, 2001, 6),
(51, 'Frontiers of Justice', 23, 22.00, 12, 2006, 6),
(52, 'L’Idée de justice', 24, 18.00, 15, 2009, 6),
(53, 'Development as Freedom', 24, 20.00, 15, 1999, 6),
(54, 'La Pesanteur et la grâce', 25, 17.00, 18, 1947, 6),
(55, 'Oppression and Liberty', 25, 19.00, 10, 1950, 6),
(56, 'Une brève histoire du temps', 26, 22.00, 18, 1988, 7),
(57, 'Le Grand Design', 26, 23.00, 15, 2010, 7),
(58, 'Sept brèves leçons de physique', 27, 21.00, 20, 2014, 7),
(59, 'Reality Is Not What It Seems', 27, 22.00, 15, 2016, 7),
(60, 'Ma vie avec les chimpanzés', 28, 19.00, 18, 1988, 7),
(61, 'In the Shadow of Man', 28, 20.00, 12, 1971, 7),
(62, 'Lab Girl', 29, 18.00, 15, 2016, 7),
(63, 'The Story of More', 29, 19.00, 12, 2020, 7),
(64, 'Harry Potter à l’école des sorciers', 30, 15.00, 100, 1997, 8),
(65, 'Harry Potter et la Chambre des secrets', 30, 15.00, 90, 1998, 8),
(66, 'Harry Potter et le Prisonnier d’Azkaban', 30, 16.00, 80, 1999, 8),
(67, 'Harry Potter et la Coupe de feu', 30, 16.00, 70, 2000, 8),
(68, 'Harry Potter et l’Ordre du Phénix', 30, 17.00, 60, 2003, 8),
(69, 'Harry Potter et le Prince de sang-mêlé', 30, 17.00, 50, 2005, 8),
(70, 'Harry Potter et les Reliques de la Mort', 30, 18.00, 40, 2007, 8),
(71, 'Charlie et la chocolaterie', 31, 14.00, 30, 1964, 8),
(72, 'Matilda', 31, 14.00, 25, 1988, 8),
(73, 'Les Trois Brigands', 32, 13.00, 20, 1961, 8),
(74, 'Moon Man', 32, 13.00, 15, 1966, 8),
(75, 'Fifi Brindacier', 33, 15.00, 25, 1945, 8),
(76, 'Ronya, fille de brigand', 33, 15.00, 20, 1981, 8),
(77, 'Ulysse', 34, 22.00, 10, 1922, 1),
(78, 'La main gauche de la nuit', 35, 19.00, 15, 1969, 2),
(79, 'La Guerre des mondes', 36, 21.00, 12, 1898, 2),
(80, 'Ravage', 37, 18.00, 10, 1943, 2);



-- Clients
INSERT INTO customer (customer_id, email, join_date) VALUES
(1, 'customer1@example.com', '2020-01-15'),
(2, 'customer2@example.com', '2019-11-20'),
(3, 'customer3@example.com', '2021-03-12'),
(4, 'customer4@example.com', '2022-07-23'),
(5, 'customer5@example.com', '2020-10-05'),
(6, 'customer6@example.com', '2019-08-19'),
(7, 'customer7@example.com', '2023-01-15'),
(8, 'customer8@example.com', '2023-02-20'),
(9, 'customer9@example.com', '2023-03-10'),
(10, 'customer10@example.com', '2023-04-05'),
(11, 'customer11@example.com', '2023-05-01'),
(12, 'customer12@example.com', '2023-06-18');

-- Customer_order
INSERT INTO customer_order (order_id, customer_id, book_id, order_date, total_amount) VALUES
(1, 1, 64, '2024-01-15', 15.00),
(2, 2, 1, '2024-01-16', 15.00),
(3, 3, 32, '2024-01-17', 18.00),
(4, 4, 12, '2024-01-18', 16.00),
(5, 5, 16, '2024-01-20', 22.00),
(6, 6, 30, '2024-01-21', 23.00),
(7, 7, 7, '2024-01-22', 19.00),
(8, 8, 25, '2024-01-23', 17.00),
(9, 9, 10, '2024-01-24', 17.00),
(10, 10, 44, '2024-01-25', 25.00),
(11, 11, 28, '2024-01-26', 15.00),
(12, 12, 40, '2024-01-27', 17.00),
(13, 1, 65, '2024-01-28', 15.00),
(14, 2, 33, '2024-01-29', 18.00),
(15, 3, 13, '2024-01-30', 17.00),
(16, 4, 17, '2024-01-31', 21.00),
(17, 5, 18, '2024-02-01', 19.00),
(18, 6, 20, '2024-02-02', 23.00),
(19, 7, 21, '2024-02-03', 22.00),
(20, 8, 23, '2024-02-04', 16.00),
(21, 9, 24, '2024-02-05', 16.00),
(22, 10, 26, '2024-02-06', 18.00),
(23, 11, 27, '2024-02-07', 15.00),
(24, 12, 31, '2024-02-08', 22.00),
(25, 1, 34, '2024-02-09', 17.00),
(26, 2, 35, '2024-02-10', 19.00),
(27, 3, 36, '2024-02-11', 20.00),
(28, 4, 37, '2024-02-12', 22.00),
(29, 5, 38, '2024-02-13', 16.00),
(30, 6, 39, '2024-02-14', 18.00),
(31, 7, 41, '2024-02-15', 18.00),
(32, 8, 42, '2024-02-16', 20.00),
(33, 9, 43, '2024-02-17', 21.00),
(34, 10, 45, '2024-02-18', 23.00),
(35, 11, 46, '2024-02-19', 22.00),
(36, 12, 47, '2024-02-20', 21.00),
(37, 1, 48, '2024-02-21', 16.00),
(38, 2, 49, '2024-02-22', 18.00),
(39, 3, 50, '2024-02-23', 20.00),
(40, 4, 51, '2024-02-24', 22.00),
(41, 5, 52, '2024-02-25', 18.00),
(42, 6, 53, '2024-02-26', 20.00),
(43, 7, 54, '2024-02-27', 17.00),
(44, 8, 55, '2024-02-28', 19.00),
(45, 9, 56, '2024-02-29', 22.00),
(46, 10, 57, '2024-03-01', 23.00),
(47, 11, 58, '2024-03-02', 21.00),
(48, 12, 59, '2024-03-03', 22.00),
(49, 1, 60, '2024-03-04', 19.00),
(50, 2, 61, '2024-03-05', 20.00);

-- reviews

INSERT INTO review (review_id, customer_id, book_id, rating, comment, review_date) VALUES
(1, 1, 64, 5, 'Un chef-d''œuvre magique qui m''a transporté dès la première page.', '2023-05-12'),
(2, 2, 14, 4, 'Une aventure fascinante sous-marine, un classique intemporel.', '2023-06-01'),
(3, 3, 23, 3, 'Une histoire touchante mais parfois un peu prévisible.', '2023-04-18'),
(4, 4, 7, 5, 'L''univers et les personnages sont très bien développés.', '2023-07-03'),
(5, 5, 36, 2, 'Le style est un peu daté, mais l’intrigue reste captivante.', '2023-03-25'),
(6, 6, 29, 4, 'Une fresque historique impressionnante et bien documentée.', '2023-08-14'),
(7, 7, 16, 5, 'Thriller haletant avec une fin surprenante, j''ai adoré.', '2023-09-02'),
(8, 8, 14, 3, 'Beau récit mais quelques longueurs au milieu.', '2023-02-28'),
(9, 9, 66, 5, 'La magie monte crescendo, chaque tome est meilleur que le précédent.', '2023-07-21'),
(10, 10, 44, 1, 'Trop sec et difficile à lire, je n''ai pas accroché.', '2023-01-15'),
(11, 11, 12, 4, 'Suspense bien maîtrisé, j''ai aimé l’ambiance gothique.', '2023-06-30'),
(12, 12, 19, 5, 'Science-fiction passionnante avec des concepts très originaux.', '2023-07-10'),
(13, 1, 14, 3, 'Intéressant mais parfois lent, je m’attendais à plus d’action.', '2023-04-12'),
(14, 2, 73, 4, 'Un classique jeunesse charmant et plein de douceur.', '2023-05-20'),
(15, 3, 57, 5, 'Des explications claires sur des sujets complexes, très instructif.', '2023-08-01'),
(16, 4, 40, 4, 'Polar bien construit avec des personnages attachants.', '2023-09-10'),
(17, 5, 27, 5, 'Une romance poignante et émouvante, à lire absolument.', '2023-06-05'),
(18, 6, 27, 2, 'Un peu répétitif, l’intrigue manque de surprise.', '2023-07-18'),
(19, 7, 50, 4, 'Des analyses pertinentes qui donnent à réfléchir.', '2023-08-25'),
(20, 8, 9, 5, 'Un récit vibrant et très bien écrit, une vraie réussite.', '2023-03-10');
